sensitivity,specificity,precision,gmean,accuracy,
0.9473684210526315,0.006993006993006993,0.1125,0.08139382036355737,0.11728395061728394,
