sensitivity,specificity,precision,gmean,accuracy
0.5285714285714286,0.8680555555555556,0.6607142857142857,0.6773694450441097,0.7570093457943925
