sensitivity,specificity,precision,gmean,accuracy
0.578125,0.8620689655172413,0.6491228070175439,0.7059629031965172,0.7751196172248804
